date,entity_id,reported_pnl_total,actual_pnl_total,margin_call_amount,funding_transfer,realized_cash_delta,hidden_loss_total,fraud_label,trade_count,secret_account_fraction,trade_after_hours_share,unauthorized_trade_fraction,gross_exposure_total,net_exposure_total,leverage_proxy_mean,reconciliation_breaks,late_entries,backdated_entries,unresolved_break_value,front_back_same_user,signoff_count,audit_recommendation_ignored,pnl_cash_gap,late_entry_rate,backdated_entry_rate,signoff_gap,after_kobe_shock,audit_ignored,control_break_score,profit_smoothing_score,hidden_loss_ratio,gross_exposure_total_rolling_mean_5d,funding_transfer_rolling_mean_5d,actual_pnl_total_rolling_mean_5d,exposure_growth_3d,funding_spike_3d,pnl_zscore_5d,alert_key
1995-01-09,BFS_SINGAPORE,-3660659.97,-3660659.97,1098197.99,131783.76,-3792443.73,0.0,0,3,0.0,0.6666666666666666,0.0,81669978.98,31243500.200000003,5.444633333333333,0,2,0,0.0,0,2,0,131783.75999999978,0.6666666666666666,0.0,0,0,0,0.16666666666666666,0.0,0.0,81669978.98,131783.76,-3660659.97,0.0,0.0,0.0,BFS_SINGAPORE::1995-01-09
1995-01-10,BFS_SINGAPORE,-3583605.18,-3583605.18,1075081.55,129009.79,-3712614.97,0.0,0,3,0.0,0.6666666666666666,0.0,77687199.36,28308210.040000003,5.179133333333334,1,2,0,56640.0,0,2,0,129009.79000000004,0.6666666666666666,0.0,0,0,0,0.16666666666666666,0.0,0.0,79678589.17,130396.775,-3622132.575,0.0,0.0,0.7071067811865476,BFS_SINGAPORE::1995-01-10
1995-01-11,BFS_SINGAPORE,-5022521.07,-5022521.07,1556981.53,186837.78,-5209358.85,0.0,0,3,0.0,0.3333333333333333,0.0,81710296.14,28867882.12,5.447366666666667,2,0,1,114240.0,0,2,0,186837.77999999933,0.0,0.3333333333333333,0,0,0,0.06666666666666667,0.0,0.0,80355824.82666667,149210.44333333333,-4088928.74,0.0,0.0,-1.1533917663701678,BFS_SINGAPORE::1995-01-11
1995-01-12,BFS_SINGAPORE,-5698477.65,-5698477.65,1823512.85,218821.54,-5917299.19,0.0,0,3,0.0,0.3333333333333333,0.0,86036105.63,31796305.150000002,5.735733333333333,1,2,0,57600.0,0,2,0,218821.54000000004,0.6666666666666666,0.0,0,0,0,0.16666666666666666,0.0,0.0,81775895.0275,166613.2175,-4491315.9675,0.05346060700063604,87037.78,-1.1592067789523457,BFS_SINGAPORE::1995-01-12
1995-01-13,BFS_SINGAPORE,-7042545.3,-7042545.3,2394465.4,287335.85,-7329881.15,0.0,0,3,0.0,0.3333333333333333,0.0,81453115.02,30382167.26,5.4302,2,2,1,117120.0,0,2,0,287335.85000000056,0.6666666666666666,0.3333333333333333,0,0,0,0.23333333333333334,0.0,0.0,81711339.026,190757.744,-5001561.834000001,0.04847536905724792,158326.06,-1.4033790047180634,BFS_SINGAPORE::1995-01-13
1995-01-16,BFS_SINGAPORE,-5989888.18,-5989888.18,2096460.86,251575.3,-6241463.49,0.0,0,3,0.0,0.3333333333333333,0.0,78706044.18,29728865.18,5.247066666666667,1,2,0,59040.0,0,2,0,251575.31000000052,0.6666666666666666,0.0,0,0,0,0.16666666666666666,0.0,0.0,81118552.066,214716.052,-5467407.476000001,-0.03676711628669904,64737.51999999999,-0.40817329930668284,BFS_SINGAPORE::1995-01-16
1995-01-17,BFS_SINGAPORE,-12691528.75,-12691528.75,6091933.8,731032.06,-13422560.81,0.0,0,3,0.0,0.6666666666666666,0.0,73248425.17,25972271.79,4.883233333333333,0,1,0,0.0,0,2,0,731032.0600000005,0.3333333333333333,0.0,0,1,0,0.08333333333333333,0.0,0.0,80230797.22800002,335120.506,-7288992.19,-0.14863155841797016,512210.52,-1.7390831691659088,BFS_SINGAPORE::1995-01-17
1995-01-18,BFS_SINGAPORE,-13434434.5,-13434434.5,7120250.28,854430.03,-14288864.53,0.0,0,3,0.0,0.0,0.0,74730999.59,26972411.729999997,4.982066666666666,1,2,0,67680.0,0,2,0,854430.0299999993,0.6666666666666666,0.0,0,1,0,0.16666666666666666,0.0,0.0,78834937.918,468638.95600000006,-8971374.876,-0.08252741995624657,567094.18,-1.1814650997855736,BFS_SINGAPORE::1995-01-18
1995-01-19,BFS_SINGAPORE,-10310474.58,-10310474.58,5258342.04,631001.04,-10941475.62,0.0,0,3,0.0,0.0,0.0,79172812.67,33246947.230000004,5.2781666666666665,1,3,1,66720.0,0,2,0,631001.0399999991,1.0,0.3333333333333333,0,1,0,0.31666666666666665,0.0,0.0,77462279.326,551074.856,-9893774.262,0.0059305291590121545,379425.74000000005,-0.12577260846102267,BFS_SINGAPORE::1995-01-19
1995-01-20,BFS_SINGAPORE,-10161967.58,-10161967.58,5080983.79,609718.06,-10771685.64,0.0,0,3,0.0,0.0,0.0,72960281.93,29492529.250000004,4.864033333333333,1,3,3,66240.0,0,2,0,609718.0600000005,1.0,1.0,0,1,0,0.45,0.0,0.0,75763712.708,615551.2980000001,-10517658.718,-0.003933780683082921,-121314.0,0.12217466633016512,BFS_SINGAPORE::1995-01-20
1995-01-23,BFS_SINGAPORE,-10852376.94,-10852376.94,5317664.7,638119.76,-11490496.71,0.0,0,3,0.0,0.3333333333333333,0.0,74305221.36,29922115.42,4.953666666666667,3,0,0,197280.0,0,1,0,638119.7700000014,0.0,0.0,1,1,0,0.2,0.0,0.0,74883548.14400001,692860.1900000001,-11490156.47,-0.005697478052427596,-216310.27000000002,0.4303330677002309,BFS_SINGAPORE::1995-01-23
1995-01-24,BFS_SINGAPORE,-10496110.96,-10496110.96,5038133.26,604575.99,-11100686.95,0.0,0,3,0.0,0.3333333333333333,0.0,74501503.93,32575372.509999998,4.966766666666667,0,1,0,0.0,0,2,0,604575.9899999984,0.3333333333333333,0.0,0,1,0,0.08333333333333333,0.0,0.0,75134163.896,667568.976,-11051072.912,-0.05900142463638958,-26425.050000000047,0.40893258371908053,BFS_SINGAPORE::1995-01-24
1995-01-25,BFS_SINGAPORE,-9019039.79,-9019039.79,4238948.7,508673.84,-9527713.63,0.0,0,3,0.0,0.0,0.0,79091766.31,33479038.83,5.2728,3,2,1,194400.0,0,2,0,508673.8400000017,0.6666666666666666,0.3333333333333333,0,1,0,0.23333333333333334,0.0,0.0,76006317.24000001,598417.738,-10167993.97,0.08403866073163901,-101044.22000000003,1.6598975707431751,BFS_SINGAPORE::1995-01-25
1995-01-26,BFS_SINGAPORE,-9811568.17,-9811568.17,4513321.36,541598.56,-10353166.73,0.0,0,3,0.0,0.3333333333333333,0.0,81744610.52,42512743.42,5.449633333333334,1,1,0,64320.0,0,2,0,541598.5600000005,0.3333333333333333,0.0,0,1,0,0.08333333333333333,0.0,0.0,76520676.81,580537.2420000001,-10068212.688,0.10011933244848348,-96521.19999999995,0.36538528369377576,BFS_SINGAPORE::1995-01-26
1995-01-27,BFS_SINGAPORE,-7440506.32,-7440506.32,3348227.84,401787.34,-7842293.66,0.0,0,3,0.0,0.0,0.0,86369161.28999999,46907581.21,5.757966666666667,2,0,0,127680.0,0,2,0,401787.33999999985,0.0,0.0,0,1,0,0.0,0.0,0.0,79202452.682,538951.098,-9523920.436,0.15929419855940874,-202788.64999999997,1.5329780917726414,BFS_SINGAPORE::1995-01-27
1995-01-30,BFS_SINGAPORE,-10360905.96,-10360905.96,4766016.74,571922.01,-10932827.97,0.0,0,3,0.0,0.3333333333333333,0.0,83720347.26,45107582.14,5.581366666666667,0,0,0,0.0,0,2,0,571922.0099999998,0.0,0.0,0,1,0,0.0,0.0,0.0,81085477.862,525711.5480000001,-9425626.24,0.05852165359233852,63248.169999999984,-0.7466931006757125,BFS_SINGAPORE::1995-01-30
1995-01-31,BFS_SINGAPORE,-9727680.07,-9727680.07,4572009.63,548641.16,-10276321.22,0.0,0,3,0.0,0.6666666666666666,0.0,77970410.46,38667984.5,5.198,0,0,2,0.0,0,1,0,548641.1500000004,0.0,0.6666666666666666,1,1,0,0.33333333333333337,0.0,0.0,81779259.168,514524.58200000005,-9271940.062,-0.04617062869333255,7042.599999999977,-0.4034973188688594,BFS_SINGAPORE::1995-01-31
1995-02-01,BFS_SINGAPORE,-9039151.49,-9039151.49,4158009.69,498961.16,-9538112.65,0.0,0,3,0.0,0.0,0.0,79337727.46,37731217.78,5.2892,1,1,0,64320.0,0,2,0,498961.16000000015,0.3333333333333333,0.0,0,1,0,0.08333333333333333,0.0,0.0,81828451.39799999,512582.046,-9275962.401999999,-0.08141139412470033,97173.81999999995,0.20986727574026479,BFS_SINGAPORE::1995-02-01
1995-02-02,BFS_SINGAPORE,-9074177.81,-9074177.81,4083380.01,490005.6,-9564183.41,0.0,0,3,0.0,0.3333333333333333,0.0,76490217.29,32945219.390000004,5.099333333333333,1,3,1,63840.0,1,2,0,490005.5999999996,1.0,0.3333333333333333,0,1,0,0.6666666666666666,0.0,0.0,80777572.752,502263.454,-9128484.330000002,-0.0863604871053183,-81916.41000000003,0.04989763401634788,BFS_SINGAPORE::1995-02-02
1995-02-03,BFS_SINGAPORE,-7796613.81,-7796613.81,3430510.08,411661.21,-8208275.02,0.0,0,3,0.0,0.3333333333333333,0.0,76652472.12,34181708.74,5.110133333333333,0,1,0,0.0,0,2,0,411661.20999999996,0.3333333333333333,0.0,0,1,0,0.08333333333333333,0.0,0.0,78834234.91800001,504238.228,-9199705.828,-0.01690305761152955,-136979.95,1.4713768460582217,BFS_SINGAPORE::1995-02-03
1995-02-06,BFS_SINGAPORE,-6490568.34,-6490568.34,2790944.39,334913.33,-6825481.66,0.0,0,3,0.0,1.0,0.0,81604216.93,31069654.93,5.440300000000001,0,1,0,0.0,0,2,0,334913.3200000003,0.3333333333333333,0.0,0,1,0,0.08333333333333333,0.0,0.0,78411008.852,456836.49199999997,-8425638.304000001,0.028567612692747213,-164047.82999999996,1.5027565134992174,BFS_SINGAPORE::1995-02-06
1995-02-07,BFS_SINGAPORE,-6796140.28,-6796140.28,2854378.92,342525.47,-7138665.75,0.0,0,3,0.0,0.3333333333333333,0.0,82552796.32,28853994.96,5.503533333333333,2,2,0,124800.0,0,2,0,342525.46999999974,0.6666666666666666,0.0,0,1,0,0.16666666666666666,0.0,0.0,79327486.024,415613.35399999993,-7839330.346000001,0.07925953468029401,-147480.13,0.8608737646961537,BFS_SINGAPORE::1995-02-07
1995-02-08,BFS_SINGAPORE,-7906032.87,-7906032.87,3241473.47,388976.82,-8295009.68,0.0,0,3,0.0,0.6666666666666666,0.0,83470642.52000001,26195266.160000004,5.564733333333333,0,0,0,0.0,0,2,0,388976.8099999996,0.0,0.0,0,1,0,0.0,0.0,0.0,80154069.03600001,393616.486,-7612706.6219999995,0.08894912598938887,-22684.390000000014,-0.2868815800953258,BFS_SINGAPORE::1995-02-08
1995-02-09,BFS_SINGAPORE,-6881025.03,-6881025.03,2752410.01,330289.2,-7211314.24,0.0,0,3,0.0,0.3333333333333333,0.0,85885349.42,27546979.340000004,5.7257,1,0,1,61440.0,0,2,0,330289.20999999996,0.0,0.3333333333333333,0,1,0,0.06666666666666667,0.0,0.0,82033095.462,361673.206,-7174076.066,0.05246214780386094,-4624.130000000005,0.46059742864355174,BFS_SINGAPORE::1995-02-09
1995-02-10,BFS_SINGAPORE,-6819446.29,-6819446.29,2727778.52,327333.42,-7146779.71,0.0,0,3,0.0,0.6666666666666666,0.0,85084091.23,22341891.69,5.672266666666666,3,0,0,184320.0,0,2,0,327333.4199999999,0.0,0.0,0,1,0,0.0,0.0,0.0,83719419.28400001,344807.6479999999,-6978642.562000001,0.030662739759752533,-15192.049999999988,0.2948017254880663,BFS_SINGAPORE::1995-02-10
1995-02-13,BFS_SINGAPORE,-9264244.5,-9264244.5,3798340.25,455800.83,-9720045.33,0.0,0,3,0.0,0.3333333333333333,0.0,94516557.64,30875544.840000004,6.301099999999999,1,3,0,61920.0,0,1,0,455800.8300000001,1.0,0.0,1,1,0,0.45,0.0,0.0,86301887.426,368985.148,-7533377.794,0.13233293510773358,66824.01000000001,-1.6116690674644871,BFS_SINGAPORE::1995-02-13
1995-02-14,BFS_SINGAPORE,-8077781.09,-8077781.09,3311890.25,397426.83,-8475207.92,0.0,0,3,0.0,0.6666666666666666,0.0,95145604.56,33056172.16,6.3430333333333335,1,1,1,61920.0,0,2,0,397426.8300000001,0.3333333333333333,0.3333333333333333,0,1,0,0.15,0.0,0.0,88820449.074,379965.42000000004,-7789705.956,0.1078211266826794,67137.63,-0.2867204265808758,BFS_SINGAPORE::1995-02-14
1995-02-15,BFS_SINGAPORE,-8683945.57,-8683945.57,3647257.14,437670.86,-9121616.43,0.0,0,3,0.0,1.0,0.0,85240227.53999999,19515960.4,5.682666666666667,0,0,0,0.0,1,2,0,437670.8599999994,0.0,0.0,0,1,0,0.35,0.0,0.0,89174366.07800001,389704.228,-7945288.496000001,0.0018350823020241158,110337.44,-0.6812174869956897,BFS_SINGAPORE::1995-02-15
1995-02-16,BFS_SINGAPORE,-9364226.93,-9364226.93,4026617.58,483194.11,-9847421.04,0.0,0,3,0.0,0.6666666666666666,0.0,89835193.99000001,22975765.690000005,5.989,0,0,0,0.0,0,2,0,483194.1099999994,0.0,0.0,0,1,0,0.0,0.0,0.0,89964334.99200001,420285.20999999996,-8441928.875999998,-0.04952956145346121,27393.27999999997,-0.8843691660508223,BFS_SINGAPORE::1995-02-16
1995-02-17,BFS_SINGAPORE,-9309763.3,-9309763.3,4096295.85,491555.5,-9801318.8,0.0,0,3,0.0,1.0,0.0,90230129.12,25303831.080000002,6.015366666666666,1,0,1,63360.0,0,2,0,491555.5,0.0,0.3333333333333333,0,1,0,0.06666666666666667,0.0,0.0,90993542.57000001,453129.626,-8939992.278,-0.05166266442608225,94128.66999999998,-0.6666022825094713,BFS_SINGAPORE::1995-02-17
1995-02-20,BFS_SINGAPORE,-10802799.08,-10802799.08,4861259.59,583351.15,-11386150.24,0.0,0,3,0.0,0.3333333333333333,0.0,93334020.12,33073030.24,6.222266666666667,1,3,0,63840.0,0,2,0,583351.1600000001,1.0,0.0,0,1,0,0.25,0.0,0.0,90757035.06600001,478639.69000000006,-9247703.194,0.09495273315878827,145680.29000000004,-1.5318553161252577,BFS_SINGAPORE::1995-02-20
1995-02-21,BFS_SINGAPORE,-10138011.26,-10138011.26,4663485.18,559618.22,-10697629.48,0.0,0,3,0.0,0.6666666666666666,0.0,90380869.07,32010648.93,6.0254,1,2,0,64320.0,0,2,0,559618.2200000007,0.6666666666666666,0.0,0,1,0,0.16666666666666666,0.0,0.0,89804087.96800001,511077.968,-9659749.228,0.006074179347358211,76424.10999999999,-0.5824117869782864,BFS_SINGAPORE::1995-02-21
1995-02-22,BFS_SINGAPORE,-9974896.28,-9974896.28,4787950.21,574554.03,-10549450.31,0.0,0,3,0.0,0.3333333333333333,0.0,88165575.0,28253383.599999994,5.8777,1,2,0,65280.0,0,2,0,574554.0300000012,0.6666666666666666,0.0,0,1,0,0.16666666666666666,0.0,0.0,90389157.46000001,538454.6020000001,-9917939.370000001,-0.02288098377044645,82998.53000000003,-0.0926671454195045,BFS_SINGAPORE::1995-02-22
1995-02-23,BFS_SINGAPORE,-12992882.79,-12992882.79,6626370.22,795164.43,-13788047.21,0.0,0,3,0.0,0.6666666666666666,0.0,92083569.72,36254579.480000004,6.1389,3,0,0,200160.0,0,2,0,795164.4200000018,0.0,0.0,0,1,0,0.0,0.0,0.0,90838832.60599999,600848.666,-10643670.542,-0.013397584271976015,211813.28000000003,-1.6584119652846596,BFS_SINGAPORE::1995-02-23
1995-02-24,BFS_SINGAPORE,-14185152.26,-14185152.26,7659982.22,919197.87,-15104350.13,0.0,0,3,0.0,0.6666666666666666,0.0,96663289.87,35667768.29,6.444233333333333,1,1,1,68160.0,0,2,0,919197.870000001,0.3333333333333333,0.3333333333333333,0,1,0,0.15,0.0,0.0,92125464.756,686377.14,-11618748.334,0.06951051549564413,359579.65,-1.370075408947754,BFS_SINGAPORE::1995-02-24
1995-02-27,BFS_SINGAPORE,-14812439.93,-14812439.93,8294966.36,995395.96,-15807835.9,0.0,0,3,0.0,0.3333333333333333,0.0,91910605.49000001,30597913.71,6.127400000000001,0,1,1,0.0,0,2,0,995395.9700000007,0.3333333333333333,0.3333333333333333,0,1,0,0.15,0.0,0.0,91840781.83,768786.102,-12420676.503999999,0.04247724227965399,420841.92999999993,-1.060293813084459,BFS_SINGAPORE::1995-02-27
1995-02-28,BFS_SINGAPORE,-10277298.3,-10277298.3,5344195.12,641303.41,-10918601.72,0.0,0,3,0.0,0.6666666666666666,0.0,91721279.67,29826233.010000005,6.114766666666667,1,1,0,67200.0,0,2,0,641303.4199999999,0.3333333333333333,0.0,0,1,0,0.08333333333333333,0.0,0.0,92108863.95,785123.14,-12448533.911999999,-0.0039343614838306395,-153861.02000000002,0.9775443124487472,BFS_SINGAPORE::1995-02-28
1995-03-01,BFS_SINGAPORE,-10109089.98,-10109089.98,5195734.78,623488.17,-10732578.16,0.0,0,3,0.0,0.0,0.0,93468773.07,31810871.990000002,6.2312666666666665,1,0,0,66910.4,0,2,0,623488.1799999997,0.0,0.0,0,1,0,0.0,0.0,0.0,93169503.564,794909.968,-12475372.652,-0.03304787995831959,-295709.69999999995,1.0833365166170275,BFS_SINGAPORE::1995-03-01
1995-03-02,BFS_SINGAPORE,-11824777.15,-11824777.15,6130069.66,735608.36,-12560385.51,0.0,0,3,0.0,0.6666666666666666,0.0,98170739.92999999,37871096.11,6.544733333333333,0,0,0,0.0,1,2,0,735608.3599999994,0.0,0.0,0,1,0,0.35,0.0,0.0,94386937.606,782998.7540000001,-12241751.524,0.06811112174297551,-259787.59999999998,0.19149018177325092,BFS_SINGAPORE::1995-03-02
1995-03-03,BFS_SINGAPORE,-10644488.49,-10644488.49,5566052.78,667926.33,-11312414.82,0.0,0,3,0.0,0.0,0.0,104433507.71,41248781.70999999,6.962233333333333,0,1,1,0.0,0,2,0,667926.3300000001,0.3333333333333333,0.3333333333333333,0,1,0,0.15,0.0,0.0,95940981.174,732744.446,-11533618.77,0.13859627870148294,26622.919999999925,0.4556106567540179,BFS_SINGAPORE::1995-03-03
1995-03-04,BFS_SINGAPORE,-11835033.96,-11835033.96,6226939.17,747232.7,-12582266.66,0.0,0,3,0.0,0.0,0.0,109239130.78,48473867.28,7.2825999999999995,2,0,0,134989.88,0,2,0,747232.6999999993,0.0,0.0,0,1,0,0.0,0.0,0.0,99406686.232,683111.794,-10938137.576000001,0.16872327721889935,123744.52999999991,-1.0718409826665944,BFS_SINGAPORE::1995-03-04
1995-03-05,BFS_SINGAPORE,-14728783.94,-14728783.94,7962618.06,955514.17,-15684298.11,0.0,0,3,0.0,0.0,0.0,110139616.73,45503511.010000005,7.342633333333333,0,0,1,0.0,0,2,0,955514.1699999999,0.0,0.3333333333333333,0,1,0,0.06666666666666667,0.0,0.0,103090353.644,745953.946,-11828434.704,0.12191898327887052,219905.81000000006,-1.6232505709298934,BFS_SINGAPORE::1995-03-05
1995-03-06,BFS_SINGAPORE,-14896350.3,-14896350.3,8124721.82,974966.62,-15871316.92,0.0,0,3,0.0,0.6666666666666666,0.0,117514068.25,42235448.949999996,7.8343,0,0,0,0.0,0,2,0,974966.6199999992,0.0,0.0,0,1,0,0.0,0.0,0.0,107899412.67999999,816249.636,-12785886.768000001,0.1252525250451535,307040.29000000004,-1.1030686169716655,BFS_SINGAPORE::1995-03-06
1995-03-07,BFS_SINGAPORE,-9790218.2,-9790218.2,5308073.66,636968.84,-10427187.04,0.0,0,3,0.0,0.0,0.0,118215631.81,40435823.38999999,7.881033333333334,3,1,0,204794.11,0,1,0,636968.8399999999,0.3333333333333333,0.0,1,1,0,0.2833333333333333,0.0,0.0,111908391.056,796521.7320000001,-12378974.978,0.08217294449255585,-110263.85999999999,1.1072582168665115,BFS_SINGAPORE::1995-03-07
1995-03-08,BFS_SINGAPORE,-12749919.39,-12749919.39,6832902.65,819948.32,-13569867.7,0.0,0,3,0.0,0.3333333333333333,0.0,101175698.11999999,33676351.86,6.7450333333333345,1,0,0,67964.03,0,2,0,819948.3099999987,0.0,0.0,0,1,0,0.0,0.0,0.0,111256829.13800001,826926.13,-12800061.158000002,-0.08138686946745488,-135565.8500000001,0.023566888004646867,BFS_SINGAPORE::1995-03-08
1995-03-09,BFS_SINGAPORE,-11618102.3,-11618102.3,6128451.56,735414.19,-12353516.49,0.0,0,3,0.0,0.3333333333333333,0.0,108374477.66,37729499.03999999,7.224966666666667,1,1,1,67559.6,0,2,0,735414.1899999995,0.3333333333333333,0.3333333333333333,0,1,0,0.15,0.0,0.0,111083898.51400001,824562.428,-12756674.826,-0.0777744377852394,-239552.43000000005,0.5285165832421237,BFS_SINGAPORE::1995-03-09
1995-03-10,BFS_SINGAPORE,-12353476.53,-12353476.53,6508180.4,780981.65,-13134458.18,0.0,0,3,0.0,0.3333333333333333,0.0,102690162.87,34474740.870000005,6.846,0,2,1,0.0,0,2,0,780981.6500000004,0.6666666666666666,0.3333333333333333,0,1,0,0.23333333333333334,0.0,0.0,109594007.74200001,789655.924,-12281613.344,-0.1313317765365669,144012.81000000006,-0.038818574218177006,BFS_SINGAPORE::1995-03-10
1995-03-11,BFS_SINGAPORE,-9510921.3,-9510921.3,5111561.56,613387.39,-10124308.69,0.0,0,3,0.0,0.0,0.0,102666993.99,38593366.14999999,6.8444666666666665,2,2,0,136074.36,0,2,0,613387.3899999987,0.6666666666666666,0.0,0,1,0,0.16666666666666666,0.0,0.0,106624592.89,717340.078,-11204527.544,0.014739664738772085,-206560.92999999993,1.1452218421415998,BFS_SINGAPORE::1995-03-11
1995-03-12,BFS_SINGAPORE,-12566185.53,-12566185.53,6460088.3,775210.6,-13341396.12,0.0,0,3,0.0,0.6666666666666666,0.0,108942029.42,47182829.54000001,7.2627999999999995,0,1,0,0.0,0,2,0,775210.5899999999,0.3333333333333333,0.0,0,1,0,0.08333333333333333,0.0,0.0,104769872.412,744988.4299999999,-11759721.01,0.005236950361879211,39796.41000000003,-0.6070089416608127,BFS_SINGAPORE::1995-03-12
1995-03-13,BFS_SINGAPORE,-11998785.2,-11998785.2,6358340.03,763000.8,-12761786.0,0.0,0,3,0.0,0.6666666666666666,0.0,118767405.02,52493713.64,7.917833333333334,1,2,0,67675.94,1,2,0,763000.8000000007,0.6666666666666666,0.0,0,1,0,0.5166666666666666,0.0,0.0,108288213.79200001,733598.926,-11609494.172,0.15656068410713186,-17980.849999999977,-0.3172105109115104,BFS_SINGAPORE::1995-03-13
1995-03-14,BFS_SINGAPORE,-10887601.5,-10887601.5,5859129.88,703095.59,-11590697.09,0.0,0,3,0.0,1.0,0.0,127228609.25,58128446.49000001,8.4819,3,0,2,204213.17,0,2,0,703095.5899999999,0.0,0.6666666666666666,0,1,0,0.13333333333333333,0.0,0.0,112059040.11000001,727135.206,-11463394.012,0.23923574953789295,89708.19999999995,0.4538329467901237,BFS_SINGAPORE::1995-03-14
1995-03-15,BFS_SINGAPORE,-10741845.49,-10741845.49,5783806.03,694056.72,-11435902.21,0.0,0,3,0.0,0.0,0.0,140978370.62,73565269.3,9.398566666666666,3,0,0,204254.91,0,2,0,694056.7200000007,0.0,0.0,0,1,0,0.0,0.0,0.0,119716681.66,709750.22,-11141067.804,0.29406778422028035,-81153.88,0.33597832873973915,BFS_SINGAPORE::1995-03-15
1995-03-16,BFS_SINGAPORE,-12736073.87,-12736073.87,6863738.08,823648.57,-13559722.44,0.0,0,3,0.0,1.0,0.0,137622082.85999998,77678990.28,9.1748,1,3,1,68108.21,1,2,0,823648.5700000003,1.0,0.3333333333333333,0,1,0,0.6666666666666666,0.0,0.0,126707699.43399999,751802.456,-11786098.318,0.1587529662437681,60647.7699999999,-1.022308917983737,BFS_SINGAPORE::1995-03-16
1995-03-17,BFS_SINGAPORE,-14565023.93,-14565023.93,8035913.48,964309.62,-15529333.54,0.0,0,3,0.0,1.0,0.0,127016086.85,68563826.85,8.467733333333333,1,2,1,68722.88,1,2,0,964309.6099999994,0.6666666666666666,0.3333333333333333,0,1,0,0.5833333333333333,0.0,0.0,130322510.91999999,789622.26,-12185865.998,-0.0016703978865508784,261214.03000000003,-1.522413120015113,BFS_SINGAPORE::1995-03-17
1995-03-18,BFS_SINGAPORE,-13714425.51,-13714425.51,7501902.96,900228.35,-14614653.86,0.0,0,3,0.0,0.6666666666666666,0.0,133922903.35,69405547.11000001,8.928199999999999,0,1,0,0.0,1,2,0,900228.3499999996,0.3333333333333333,0.0,0,1,0,0.4333333333333333,0.0,0.0,133353610.586,817067.77,-12528994.059999999,-0.05004645208318981,206171.63,-0.6996887865834364,BFS_SINGAPORE::1995-03-18
1995-03-19,BFS_SINGAPORE,-10418031.28,-10418031.28,5945303.93,713436.47,-11131467.75,0.0,0,3,0.0,0.3333333333333333,0.0,132552280.33,71503086.80999999,8.8368,2,1,1,139264.74,0,2,0,713436.4700000007,0.3333333333333333,0.3333333333333333,0,1,0,0.15,0.0,0.0,134418344.802,819135.9459999999,-12435080.015999999,-0.03683858305761434,-110212.09999999998,1.1103693092088314,BFS_SINGAPORE::1995-03-19
1995-03-20,BFS_SINGAPORE,-15027685.94,-15027685.94,8589638.83,1030756.66,-16058442.6,0.0,0,3,0.0,0.3333333333333333,0.0,134636336.91,76074318.33000001,8.975766666666667,1,3,0,69676.2,0,2,0,1030756.6600000001,1.0,0.0,0,1,0,0.25,0.0,0.0,133149938.05999999,886475.934,-13292248.106,0.059994369602955455,66447.04000000004,-0.9488655786032172,BFS_SINGAPORE::1995-03-20
1995-03-21,BFS_SINGAPORE,-14732307.98,-14732307.98,8373270.04,1004792.4,-15737100.38,0.0,0,3,0.0,0.3333333333333333,0.0,126037854.98,71142361.54,8.4025,2,1,0,139042.66,0,2,0,1004792.4000000004,0.3333333333333333,0.0,0,1,0,0.08333333333333333,0.0,0.0,130833092.484,922704.7,-13691494.928,-0.058877519623307895,104564.05000000005,-0.5495528247585045,BFS_SINGAPORE::1995-03-21
1995-03-22,BFS_SINGAPORE,-14519904.53,-14519904.53,8320238.59,998428.63,-15518333.16,0.0,0,3,0.0,0.6666666666666666,0.0,113016006.5,54776482.16,7.534400000000001,1,2,0,69745.1,1,2,0,998428.6300000008,0.6666666666666666,0.0,0,1,0,0.5166666666666666,0.0,0.0,128033076.41399999,929528.502,-13682471.047999999,-0.14738542242625186,284992.16000000003,-0.44336207006312417,BFS_SINGAPORE::1995-03-22
1995-03-23,BFS_SINGAPORE,-15204731.35,-15204731.35,8584830.43,1030179.65,-16234911.0,0.0,0,3,0.0,0.6666666666666666,0.0,105044812.14,49707079.519999996,7.003,1,0,1,69341.55,0,2,0,1030179.6500000004,0.0,0.3333333333333333,0,1,0,0.06666666666666667,0.0,0.0,122257458.17199998,955518.7620000001,-13980532.216,-0.21978854631035427,-577.0100000000093,-0.6093881723620748,BFS_SINGAPORE::1995-03-23
1995-03-24,BFS_SINGAPORE,-12966971.59,-12966971.59,7267760.22,872131.23,-13839102.82,0.0,0,3,0.0,0.0,0.0,116016203.47,60508821.59,7.734433333333333,0,1,1,0.0,0,2,0,872131.2300000004,0.3333333333333333,0.3333333333333333,0,1,0,0.15,0.0,0.0,118950242.8,987257.714,-14490320.278,-0.07951302814214245,-132661.17000000004,1.708726183881922,BFS_SINGAPORE::1995-03-24
1995-03-25,BFS_SINGAPORE,-14727836.78,-14727836.78,8208756.14,985050.74,-15712887.52,0.0,0,3,0.0,0.3333333333333333,0.0,116510126.02,60643153.3,7.767333333333333,1,2,1,68993.44,0,2,0,985050.7400000002,0.6666666666666666,0.3333333333333333,0,1,0,0.23333333333333334,0.0,0.0,115325000.62200001,978116.53,-14430350.446,0.030917032270114664,-13377.890000000014,-0.34765557795201946,BFS_SINGAPORE::1995-03-25
1995-03-26,BFS_SINGAPORE,-14329448.58,-14329448.58,8143793.45,977255.21,-15306703.79,0.0,0,3,0.0,0.3333333333333333,0.0,124114359.85999998,63530126.68,8.274266666666666,1,2,2,69519.63,0,2,0,977255.209999999,0.6666666666666666,0.6666666666666666,0,1,0,0.3,0.0,0.0,114940301.598,972609.092,-14349778.566,0.18153726330230158,-52924.44000000006,0.024232503828284443,BFS_SINGAPORE::1995-03-26
1995-03-27,BFS_SINGAPORE,-12575899.79,-12575899.79,7115842.29,853901.08,-13429800.86,0.0,0,3,0.0,0.6666666666666666,0.0,111283169.32,53043378.62,7.418900000000001,3,2,1,208199.76,0,2,0,853901.0700000003,0.6666666666666666,0.3333333333333333,0,1,0,0.23333333333333334,0.0,0.0,114593734.16199999,943703.582,-13960977.618,-0.04079631989702104,-18230.150000000023,1.217459053533909,BFS_SINGAPORE::1995-03-27
1995-03-28,BFS_SINGAPORE,-14105543.27,-14105543.27,8197041.02,983644.92,-15089188.19,0.0,0,3,0.0,0.3333333333333333,0.0,104562682.23,44481269.269999996,6.970866666666667,1,0,0,70133.85,0,2,0,983644.9199999999,0.0,0.0,0,1,0,0.0,0.0,0.0,114497308.17999999,934396.6359999999,-13741140.001999998,-0.10254425257379862,-1405.8199999999488,-0.3946946683140205,BFS_SINGAPORE::1995-03-28
1995-03-29,BFS_SINGAPORE,-17750506.3,-17750506.3,10632509.43,1275901.13,-19026407.43,0.0,0,3,0.0,0.3333333333333333,0.0,104332831.08,48691317.89999999,6.955500000000001,1,0,0,70991.88,0,2,0,1275901.129999999,0.0,0.0,0,1,0,0.0,0.0,0.0,112160633.70199999,1015150.616,-14697846.944,-0.15938146723967628,298645.9199999999,-1.6140102535242395,BFS_SINGAPORE::1995-03-29
1995-03-30,BFS_SINGAPORE,-14149682.1,-14149682.1,8632490.56,1035898.87,-15185580.97,0.0,0,3,0.0,0.3333333333333333,0.0,105509875.56,51886406.30000001,7.033966666666667,1,3,1,71524.02,0,2,0,1035898.870000001,1.0,0.3333333333333333,0,1,0,0.31666666666666665,0.0,0.0,109960583.60999998,1025320.242,-14582216.008000001,-0.051879307493468474,181997.79000000004,0.22685305135308229,BFS_SINGAPORE::1995-03-30
1995-03-31,BFS_SINGAPORE,-14514610.29,-14514610.29,8836994.63,1060439.36,-15575049.64,0.0,0,3,0.0,0.0,0.0,97605959.49,45668893.92999999,6.507066666666667,1,0,1,71464.05,0,2,0,1060439.3500000015,0.0,0.3333333333333333,0,1,0,0.06666666666666667,0.0,0.0,104658903.536,1041957.0719999999,-14619248.35,-0.06653160182614426,76794.44000000006,0.05500531111054207,BFS_SINGAPORE::1995-03-31
1995-04-01,BFS_SINGAPORE,-16109344.14,-16109344.14,9792285.28,1175074.23,-17284418.37,0.0,0,3,0.0,0.6666666666666666,0.0,97954971.7,44257653.36,6.530333333333334,1,1,1,71417.46,0,2,0,1175074.2300000004,0.3333333333333333,0.3333333333333333,0,1,0,0.15,0.0,0.0,101993264.012,1106191.702,-15325937.219999999,-0.06112993689502777,-100826.8999999999,-0.49489010881286183,BFS_SINGAPORE::1995-04-01
1995-04-02,BFS_SINGAPORE,-15185126.88,-15185126.88,9279566.34,1113547.96,-16298674.84,0.0,0,3,0.0,0.3333333333333333,0.0,91724786.09,39551823.31,6.114999999999999,2,0,1,143145.19,0,2,0,1113547.959999999,0.0,0.3333333333333333,0,1,0,0.06666666666666667,0.0,0.0,99425684.78400001,1132172.31,-15541853.942000002,-0.13065212518576874,77649.08999999997,0.24733357784821408,BFS_SINGAPORE::1995-04-02
1995-04-03,BFS_SINGAPORE,-15677759.14,-15677759.14,9716755.75,1166010.69,-16843769.83,0.0,0,3,0.0,0.6666666666666666,0.0,103537616.9,45949613.0,6.9025,0,1,2,0.0,0,2,0,1166010.6899999976,0.3333333333333333,0.6666666666666666,0,1,0,0.21666666666666667,0.0,0.0,99266641.948,1110194.2219999998,-15127304.510000002,0.060771467654162414,105571.32999999984,-0.6825075299614869,BFS_SINGAPORE::1995-04-03
1995-04-04,BFS_SINGAPORE,-16360135.21,-16360135.21,10158421.89,1219010.63,-17579145.83,0.0,0,3,0.0,1.0,0.0,103178820.46000001,43529035.199999996,6.8786,1,1,1,72044.41,1,2,0,1219010.6199999973,0.3333333333333333,0.3333333333333333,0,1,0,0.49999999999999994,0.0,0.0,98800430.928,1146816.5739999998,-15569395.132,0.05332908242777834,43936.39999999991,-1.0689604278085072,BFS_SINGAPORE::1995-04-04
1995-04-05,BFS_SINGAPORE,-16890047.47,-16890047.47,10388135.67,1246576.28,-18136623.75,0.0,0,3,0.0,0.0,0.0,105088993.28999999,42319385.71,7.0059000000000005,1,1,0,71762.15,0,2,0,1246576.2800000012,0.3333333333333333,0.0,0,1,0,0.08333333333333333,0.0,0.0,100297037.688,1184043.958,-16044482.568,0.1456989737418093,133028.32000000007,-1.300176136695238,BFS_SINGAPORE::1995-04-05
1995-04-06,BFS_SINGAPORE,-16113523.37,-16113523.37,9611705.32,1153404.64,-17266928.01,0.0,0,3,0.0,0.3333333333333333,0.0,113750998.46000001,47797617.54,7.5834,2,3,1,141743.93,0,2,0,1153404.6400000025,1.0,0.3333333333333333,0,1,0,0.31666666666666665,0.0,0.0,103456243.04,1179710.0399999998,-16045318.414,0.09864416301820444,-12606.050000000047,-0.10485757478882625,BFS_SINGAPORE::1995-04-06
1995-04-07,BFS_SINGAPORE,-11246106.11,-11246106.11,6697791.45,803734.97,-12049841.09,0.0,0,3,0.0,0.3333333333333333,0.0,119217000.69,49525090.41,7.9478,1,1,0,70827.14,0,2,0,803734.9800000004,0.3333333333333333,0.0,0,1,0,0.08333333333333333,0.0,0.0,108954685.96,1117747.442,-15257514.26,0.15544062394294977,-415275.6599999999,1.7556745857646003,BFS_SINGAPORE::1995-04-07
1995-04-08,BFS_SINGAPORE,-15644699.49,-15644699.49,9206714.87,1104805.78,-16749505.28,0.0,0,3,0.0,1.0,0.0,107916934.78,33252833.680000003,7.194466666666667,1,3,0,70487.41,1,2,0,1104805.789999999,1.0,0.0,0,1,0,0.6,0.0,0.0,109830549.53600001,1105506.4599999997,-15250902.330000002,0.026909968413115548,-141770.5,-0.17246452861185993,BFS_SINGAPORE::1995-04-08
1995-04-09,BFS_SINGAPORE,-13725858.9,-13725858.9,8046794.27,965615.31,-14691474.22,0.0,0,3,0.0,0.6666666666666666,0.0,109082399.22,33413780.599999994,7.272133333333333,0,1,0,0.0,0,2,0,965615.3200000003,0.3333333333333333,0.0,0,1,0,0.08333333333333333,0.0,0.0,111011265.28799999,1054827.3960000002,-14724047.068,-0.04104227042579933,-187789.32999999984,0.44025777360257595,BFS_SINGAPORE::1995-04-09
1995-04-10,BFS_SINGAPORE,-15337905.21,-15337905.21,9044310.46,1085317.25,-16423222.47,0.0,0,3,0.0,0.3333333333333333,0.0,98645989.36,27533675.0,6.5764,2,1,1,141088.37,0,2,0,1085317.2599999998,0.3333333333333333,0.3333333333333333,0,1,0,0.15,0.0,0.0,109722664.502,1022575.5900000001,-14413618.616,-0.1725509886252784,281582.28,-0.4655648093404407,BFS_SINGAPORE::1995-04-10
1995-04-11,BFS_SINGAPORE,-15188586.11,-15188586.11,8895333.67,1067440.04,-16256026.15,0.0,0,3,0.0,1.0,0.0,95509965.34,30034382.920000006,6.367333333333332,0,0,0,0.0,1,2,0,1067440.040000001,0.0,0.0,0,1,0,0.35,0.0,0.0,106074457.87799999,1005382.6699999999,-14228631.164,-0.1149677709554382,-37365.73999999999,-0.5263388771381645,BFS_SINGAPORE::1995-04-11
1995-04-12,BFS_SINGAPORE,-12580652.09,-12580652.09,7499784.76,899974.17,-13480626.26,0.0,0,3,0.0,1.0,0.0,100823942.0,26116782.760000005,6.7216,2,1,0,141709.1,1,1,0,899974.1699999999,0.3333333333333333,0.0,1,1,0,0.6333333333333334,0.0,0.0,102395846.14,1024630.5100000001,-14495540.36,-0.07570843031554653,-65641.14000000001,1.4719391889490345,BFS_SINGAPORE::1995-04-12
1995-04-13,BFS_SINGAPORE,-13941906.14,-13941906.14,8228850.68,987462.08,-14929368.22,0.0,0,3,0.0,0.0,0.0,103030134.28,22081016.74,6.8687000000000005,1,0,1,70570.76,0,2,0,987462.0800000001,0.0,0.3333333333333333,0,1,0,0.06666666666666667,0.0,0.0,101418486.04,1001161.7699999999,-14154981.690000001,0.04444321506067972,-97855.17000000004,0.1873176737271948,BFS_SINGAPORE::1995-04-13
1995-04-14,BFS_SINGAPORE,-14101310.6,-14101310.6,8447275.55,1013673.07,-15114983.66,0.0,0,3,0.0,0.3333333333333333,0.0,110815591.52000001,26965898.000000007,7.3877,0,0,1,0.0,0,1,0,1013673.0600000005,0.0,0.3333333333333333,1,1,0,0.26666666666666666,0.0,0.0,101765124.5,1010773.322,-14230072.030000001,0.16025161484997352,-53766.97000000009,0.11555840781572653,BFS_SINGAPORE::1995-04-14
1995-04-15,BFS_SINGAPORE,-16416626.86,-16416626.86,9753721.35,1170446.56,-17587073.42,0.0,0,3,0.0,0.6666666666666666,0.0,118941834.61000001,25440210.130000003,7.929466666666667,1,0,0,70758.56,0,2,0,1170446.5600000024,0.0,0.0,0,1,0,0.0,0.0,0.0,105824293.55,1027799.184,-14445816.36,0.17969831619953935,270472.39,-1.3692088089722187,BFS_SINGAPORE::1995-04-15
1995-04-16,BFS_SINGAPORE,-15490844.94,-15490844.94,9466722.89,1136006.75,-16626851.68,0.0,0,3,0.0,0.3333333333333333,0.0,107410056.84,18881942.5,7.160666666666667,1,0,0,71573.63,0,2,0,1136006.7400000002,0.0,0.0,0,1,0,0.0,0.0,0.0,108204311.85,1041512.526,-14506268.125999998,0.04251108271000503,148544.67000000004,-0.6634490320327935,BFS_SINGAPORE::1995-04-16
1995-04-17,BFS_SINGAPORE,-16107842.77,-16107842.77,9842092.39,1181051.09,-17288893.86,0.0,0,3,0.0,0.3333333333333333,0.0,117093889.75,14331963.090000004,7.806266666666666,0,1,1,0.0,0,2,0,1181051.0899999999,0.3333333333333333,0.3333333333333333,0,1,0,0.15,0.0,0.0,111458301.4,1097727.91,-15211706.262,0.05665536901336554,167378.02000000014,-0.7876176597028347,BFS_SINGAPORE::1995-04-17
1995-04-18,BFS_SINGAPORE,-15609689.97,-15609689.97,9513924.45,1141670.93,-16751360.9,0.0,0,3,0.0,0.0,0.0,117488433.81,13899851.57,7.832566666666666,1,0,1,71495.44,0,2,0,1141670.9299999997,0.0,0.3333333333333333,0,1,0,0.06666666666666667,0.0,0.0,114349961.30600002,1128569.6800000002,-15545263.028,-0.012219424769809417,-28775.63000000012,-0.07239574448550902,BFS_SINGAPORE::1995-04-18
1995-04-19,BFS_SINGAPORE,-16980440.95,-16980440.95,10265939.73,1231912.77,-18212353.72,0.0,0,3,0.0,0.3333333333333333,0.0,124599813.83000001,16210776.190000005,8.306666666666667,1,0,0,71259.57,0,2,0,1231912.7699999996,0.0,0.0,0,1,0,0.0,0.0,0.0,117106805.768,1172217.6199999999,-16121089.098000001,0.16003861738576486,95906.02000000002,-1.4105086344693634,BFS_SINGAPORE::1995-04-19
1995-04-20,BFS_SINGAPORE,-16229081.6,-16229081.6,9854528.51,1182543.42,-17411625.02,0.0,0,3,0.0,1.0,0.0,132426413.74,7902327.799999997,8.828433333333333,2,0,1,142772.56,0,1,0,1182543.42,0.0,0.3333333333333333,1,1,0,0.26666666666666666,0.0,0.0,119803721.59400001,1174636.992,-16083580.046,0.13094213560362133,1492.3299999998417,-0.2457647882162188,BFS_SINGAPORE::1995-04-20
1995-04-21,BFS_SINGAPORE,-14263195.13,-14263195.13,8697032.97,1043643.96,-15306839.08,0.0,0,3,0.0,0.6666666666666666,0.0,122061410.69999999,18020342.559999995,8.137433333333334,0,0,0,0.0,0,2,0,1043643.9499999993,0.0,0.0,0,1,0,0.0,0.0,0.0,122733992.36599998,1156164.434,-15838050.084,0.03892278364519952,-98026.96999999997,1.5625846703892008,BFS_SINGAPORE::1995-04-21
1995-04-22,BFS_SINGAPORE,-15281923.1,-15281923.1,9164293.73,1099715.25,-16381638.35,0.0,0,3,0.0,0.3333333333333333,0.0,131596511.15,8209855.969999999,8.773100000000001,5,1,1,355123.67,0,2,0,1099715.25,0.3333333333333333,0.3333333333333333,0,1,0,0.15,0.0,0.0,125634516.646,1139897.266,-15672866.15,0.05615335292190782,-132197.52000000002,0.38320717596972637,BFS_SINGAPORE::1995-04-22
1995-04-23,BFS_SINGAPORE,-14072153.1,-14072153.1,8463197.57,1015583.71,-15087736.8,0.0,0,3,0.0,0.0,0.0,144340944.54,21425894.619999997,9.622733333333333,1,2,0,71107.9,0,2,0,1015583.7000000011,0.6666666666666666,0.0,0,1,0,0.16666666666666666,0.0,0.0,131005018.79200001,1114679.8220000002,-15365358.775999999,0.0899709541586804,-166959.70999999996,1.0346792160580804,BFS_SINGAPORE::1995-04-23
1995-04-24,BFS_SINGAPORE,-17302325.92,-17302325.92,10491003.68,1258920.44,-18561246.36,0.0,0,3,0.0,0.3333333333333333,0.0,156670041.73,26684390.97,10.444633333333334,3,0,1,214032.22,0,2,0,1258920.4399999976,0.0,0.3333333333333333,0,1,0,0.06666666666666667,0.0,0.0,137419064.372,1120081.356,-15429735.77,0.283534581744761,215276.47999999998,-1.379438481709322,BFS_SINGAPORE::1995-04-24
1995-04-25,BFS_SINGAPORE,-14144406.02,-14144406.02,8566392.32,1027967.08,-15172373.09,0.0,0,3,0.0,0.3333333333333333,0.0,142330061.73,17818784.21,9.4887,1,2,0,71310.63,0,2,0,1027967.0700000003,0.6666666666666666,0.0,0,1,0,0.16666666666666666,0.0,0.0,139399793.96999997,1089166.088,-15012800.654,0.08156409684573918,-71748.17000000004,0.6335445983178523,BFS_SINGAPORE::1995-04-25
1995-04-26,BFS_SINGAPORE,-15306599.51,-15306599.51,9328654.93,1119438.59,-16426038.1,0.0,0,3,0.0,0.3333333333333333,0.0,138953036.2,5867678.959999993,9.263566666666668,2,2,0,142987.5,0,2,0,1119438.5899999999,0.6666666666666666,0.0,0,1,0,0.16666666666666666,0.0,0.0,142778119.07,1104325.014,-15221481.530000001,-0.03732765056492271,103854.88000000012,-0.06517783505132753,BFS_SINGAPORE::1995-04-26
1995-04-27,BFS_SINGAPORE,-17303383.14,-17303383.14,10446735.34,1253608.24,-18556991.38,0.0,0,3,0.0,0.6666666666666666,0.0,147738524.11,14508725.450000003,9.849233333333332,3,4,0,213658.48,0,2,0,1253608.2399999984,1.3333333333333333,0.0,0,1,0,0.3333333333333333,0.0,0.0,146006521.662,1135103.612,-15625773.537999999,-0.05700845880536787,-5312.199999999953,-1.043662774346996,BFS_SINGAPORE::1995-04-27
1995-04-28,BFS_SINGAPORE,-18506506.26,-18506506.26,11613740.88,1393648.91,-19900155.16,0.0,0,3,0.0,0.0,0.0,157491500.22,20969339.22,10.499433333333334,2,2,1,144724.71,0,2,0,1393648.8999999985,0.6666666666666666,0.3333333333333333,0,1,0,0.23333333333333334,0.0,0.0,148636632.798,1210716.652,-16512644.170000002,0.10652309361574819,365681.82999999996,-1.137612306617725,BFS_SINGAPORE::1995-04-28
1995-04-29,BFS_SINGAPORE,-16456912.68,-16456912.68,10110454.24,1213254.51,-17670167.19,0.0,0,3,0.0,0.3333333333333333,0.0,153288338.49,20479632.750000007,10.219233333333333,3,1,0,215187.71,0,2,0,1213254.5100000016,0.3333333333333333,0.0,0,1,0,0.08333333333333333,0.0,0.0,147960292.15,1201583.466,-16343561.522,0.10316652792938408,93815.91999999993,-0.06678118528233798,BFS_SINGAPORE::1995-04-29
1995-04-30,BFS_SINGAPORE,-16637419.36,-16637419.36,10375966.72,1245116.01,-17882535.37,0.0,0,3,0.0,0.3333333333333333,0.0,155813764.72,23295931.439999998,10.387566666666666,3,4,0,216525.95,0,2,0,1245116.0100000016,1.3333333333333333,0.0,0,1,0,0.3333333333333333,0.0,0.0,150657032.748,1245013.2519999999,-16842164.19,0.05465900420114855,-8492.229999999981,0.17411610027778626,BFS_SINGAPORE::1995-04-30
1995-05-01,BFS_SINGAPORE,-15687155.12,-15687155.12,9656009.59,1158721.15,-16845876.27,0.0,0,3,0.0,0.6666666666666666,0.0,152951078.5,20154755.46,10.196733333333333,1,2,0,71785.73,0,2,0,1158721.1500000004,0.6666666666666666,0.0,0,1,0,0.16666666666666666,0.0,0.0,153456641.208,1252869.764,-16918275.312,-0.02882963025723595,-234927.76,1.1635358563716802,BFS_SINGAPORE::1995-05-01
1995-05-02,BFS_SINGAPORE,-18103663.82,-18103663.82,11112479.38,1333497.53,-19437161.34,0.0,0,3,0.0,0.0,0.0,151007142.57999998,27488428.019999996,10.067166666666665,1,2,0,71703.59,0,2,0,1333497.5199999996,0.6666666666666666,0.0,0,1,0,0.16666666666666666,0.0,0.0,154110364.902,1268847.622,-17078331.448000003,-0.014881731594662995,120243.02000000002,-0.8660286287903571,BFS_SINGAPORE::1995-05-02
1995-05-03,BFS_SINGAPORE,-13435036.12,-13435036.12,8201711.02,984205.32,-14419241.44,0.0,0,3,0.0,0.3333333333333333,0.0,153413250.44,26312199.24000001,10.227533333333334,1,0,1,71542.65,0,2,0,984205.3200000003,0.0,0.3333333333333333,0,1,0,0.06666666666666667,0.0,0.0,153294714.946,1186958.9039999999,-16064037.419999998,-0.015406304342326704,-260910.69000000006,1.5373959985165941,BFS_SINGAPORE::1995-05-03
1995-05-04,BFS_SINGAPORE,-15791538.03,-15791538.03,9955500.16,1194660.02,-16986198.05,0.0,0,3,0.0,0.0,0.0,140082473.73,7278599.249999993,9.338833333333334,0,0,1,0.0,0,2,0,1194660.0200000014,0.0,0.3333333333333333,0,1,0,0.06666666666666667,0.0,0.0,150653541.994,1183240.006,-15930962.49,-0.08413543007478708,35938.87000000011,0.08212727702592079,BFS_SINGAPORE::1995-05-04
1995-05-05,BFS_SINGAPORE,-17038273.97,-17038273.97,10724277.16,1286913.26,-18325187.23,0.0,0,3,0.0,0.6666666666666666,0.0,145031643.34,20418390.07999999,9.6688,0,1,1,0.0,0,2,0,1286913.2600000016,0.3333333333333333,0.3333333333333333,0,1,0,0.15,0.0,0.0,148497117.718,1191599.4559999998,-16011133.412,-0.039570970868707755,-46584.27000000002,-0.5875814547646365,BFS_SINGAPORE::1995-05-05
1995-05-06,BFS_SINGAPORE,-18578763.55,-18578763.55,11890408.67,1426849.04,-20005612.59,0.0,0,3,0.0,0.3333333333333333,0.0,145675437.55,26358109.750000007,9.711733333333333,2,0,0,145920.0,0,2,0,1426849.039999999,0.0,0.0,0,1,0,0.0,0.0,0.0,147041989.52799997,1245225.034,-16589455.098,-0.05043770904929912,442643.7200000001,-0.9638614094765644,BFS_SINGAPORE::1995-05-06
1995-05-07,BFS_SINGAPORE,-14879617.32,-14879617.32,9522955.09,1142754.61,-16022371.93,0.0,0,3,0.0,0.3333333333333333,0.0,143021063.22,20237972.819999993,9.534733333333334,0,1,0,0.0,0,2,0,1142754.6099999994,0.3333333333333333,0.0,0,1,0,0.08333333333333333,0.0,0.0,145444773.656,1207076.45,-15944645.797999999,0.020977567084258908,-51905.409999999916,0.5394629836293443,BFS_SINGAPORE::1995-05-07
1995-05-08,BFS_SINGAPORE,-18334682.29,-18334682.29,11734196.66,1408103.6,-19742785.89,0.0,0,3,0.0,0.3333333333333333,0.0,139430813.86,29977990.08,9.295366666666666,1,1,1,72960.0,0,2,0,1408103.6000000015,0.3333333333333333,0.3333333333333333,0,1,0,0.15,0.0,0.0,142648286.33999997,1291856.1060000001,-16924575.031999998,-0.038617982607215384,121190.34000000008,-0.8829008465412549,BFS_SINGAPORE::1995-05-08
1995-05-09,BFS_SINGAPORE,-17173717.32,-17173717.32,10991179.09,1318941.49,-18492658.81,0.0,0,3,0.0,0.6666666666666666,0.0,140484953.11,32353443.790000007,9.365633333333333,0,0,0,0.0,0,1,0,1318941.4899999984,0.0,0.0,1,1,0,0.2,0.0,0.0,142728782.21600002,1316712.4,-17201010.89,-0.03563047091050253,-107907.55000000005,0.01861459099868435,BFS_SINGAPORE::1995-05-09
1995-05-10,BFS_SINGAPORE,-16174445.38,-16174445.38,10350819.3,1242098.32,-17416543.7,0.0,0,3,0.0,0.0,0.0,137337514.36,27105549.660000004,9.155833333333332,1,2,0,72957.55,0,2,0,1242098.3199999984,0.6666666666666666,0.0,0,1,0,0.16666666666666666,0.0,0.0,141189956.42000002,1307749.412,-17028245.172,-0.03973924352147595,99343.70999999996,0.5546721036071431,BFS_SINGAPORE::1995-05-10
1995-05-11,BFS_SINGAPORE,-16838640.93,-16838640.93,10725132.36,1287015.88,-18125656.82,0.0,0,3,0.0,0.6666666666666666,0.0,136471288.72,33254941.52000001,9.098066666666666,2,1,1,145625.83,1,2,0,1287015.8900000006,0.3333333333333333,0.3333333333333333,0,1,0,0.49999999999999994,0.0,0.0,139349126.65399998,1279782.78,-16680220.648000002,-0.02122576106434848,-121087.7200000002,-0.12423820770159699,BFS_SINGAPORE::1995-05-11
1995-05-12,BFS_SINGAPORE,-14335163.66,-14335163.66,8912994.79,1069559.38,-15404723.04,0.0,0,3,0.0,0.6666666666666666,0.0,135564931.39,33007028.61,9.037666666666667,1,0,1,72084.36,0,2,0,1069559.379999999,0.0,0.3333333333333333,0,1,0,0.06666666666666667,0.0,0.0,137857900.28800002,1265143.734,-16571329.916,-0.03502169884448514,-249382.1100000001,1.5161151111109976,BFS_SINGAPORE::1995-05-12
1995-05-13,BFS_SINGAPORE,-17327096.6,-17327096.6,10885836.51,1306300.38,-18633396.98,0.0,0,3,0.0,0.3333333333333333,0.0,143252914.28,23193288.180000007,9.550166666666668,0,2,1,0.0,0,2,0,1306300.379999999,0.6666666666666666,0.3333333333333333,0,1,0,0.23333333333333334,0.0,0.0,138622320.372,1244783.09,-16369812.778,0.043071989088822926,64202.05999999982,-0.7842098251354678,BFS_SINGAPORE::1995-05-13
1995-05-14,BFS_SINGAPORE,-18566367.5,-18566367.5,11869852.55,1424382.31,-19990749.8,0.0,0,3,0.0,0.3333333333333333,0.0,137403303.47,26962669.21,9.160233333333332,1,1,0,72927.37,0,2,0,1424382.3000000007,0.3333333333333333,0.0,0,1,0,0.08333333333333333,0.0,0.0,138005990.444,1265871.254,-16648342.814,0.006829383372441322,137366.43000000017,-1.2284487457342348,BFS_SINGAPORE::1995-05-14
1995-05-15,BFS_SINGAPORE,-18767793.0,-18767793.0,12011387.52,1441366.5,-20209159.5,0.0,0,3,0.0,0.6666666666666666,0.0,130489514.43,24762477.930000007,8.699300000000001,3,0,0,218880.0,1,1,0,1441366.5,0.0,0.0,1,1,0,0.55,0.0,0.0,136636390.458,1305724.89,-17167012.338,-0.03743901101826075,371807.1200000001,-0.8993179843472168,BFS_SINGAPORE::1995-05-15
1995-05-16,BFS_SINGAPORE,-20364521.64,-20364521.64,13033293.85,1563995.26,-21928516.9,0.0,0,3,0.0,0.0,0.0,139151216.31,18529339.22999999,9.276766666666667,1,0,2,72960.0,0,2,0,1563995.259999998,0.0,0.6666666666666666,0,1,0,0.13333333333333333,0.0,0.0,137172375.976,1361120.766,-17872188.479999997,-0.02863256214098986,257694.88000000012,-1.1062463548671175,BFS_SINGAPORE::1995-05-16
1995-05-17,BFS_SINGAPORE,-18565500.37,-18565500.37,11881920.24,1425830.43,-19991330.8,0.0,0,3,0.0,0.0,0.0,141497091.21,7828429.609999992,9.433166666666667,1,1,1,72960.0,0,2,0,1425830.4299999997,0.3333333333333333,0.3333333333333333,0,1,0,0.15,0.0,0.0,138358807.94,1432374.976,-18718255.822,0.029793954269038636,1448.119999999879,0.14100610039011316,BFS_SINGAPORE::1995-05-17
1995-05-18,BFS_SINGAPORE,-18825451.87,-18825451.87,12048289.2,1445794.7,-20271246.57,0.0,0,3,0.0,0.0,0.0,153339644.29000002,3692006.5899999887,10.222633333333334,1,0,0,72960.0,0,2,0,1445794.6999999993,0.0,0.0,0,1,0,0.0,0.0,0.0,140376153.942,1460273.84,-19017926.876000002,0.17511085055234665,4428.199999999953,0.2526489514813049,BFS_SINGAPORE::1995-05-18
1995-05-19,BFS_SINGAPORE,-15963387.68,-15963387.68,10149028.22,1217883.39,-17181271.07,0.0,0,3,0.0,0.3333333333333333,0.0,152296133.58,12109685.600000001,10.153066666666668,0,3,1,0.0,0,2,0,1217883.3900000006,1.0,0.3333333333333333,0,1,0,0.31666666666666665,0.0,0.0,143354719.96400002,1418974.056,-18497330.912,0.09446498290547356,-346111.8700000001,1.595227235292997,BFS_SINGAPORE::1995-05-19
1995-05-20,BFS_SINGAPORE,-22038366.8,-22038366.8,14104554.75,1692546.57,-23730913.37,0.0,0,3,0.0,0.3333333333333333,0.0,151588726.57999998,13526234.019999996,10.1059,0,3,2,0.0,0,2,0,1692546.5700000003,1.0,0.6666666666666666,0,1,0,0.3833333333333333,0.0,0.0,147574562.394,1469210.0699999998,-19151445.672000002,0.07132044400137305,266716.14000000013,-1.277749494278995,BFS_SINGAPORE::1995-05-20
1995-05-21,BFS_SINGAPORE,-18838011.73,-18838011.73,12056327.5,1446759.3,-20284771.03,0.0,0,3,0.0,0.3333333333333333,0.0,161897813.79,16501752.189999998,10.793199999999999,3,1,0,218880.0,0,2,0,1446759.3000000007,0.3333333333333333,0.0,0,1,0,0.08333333333333333,0.0,0.0,152123881.89000002,1445762.878,-18846143.69,0.05581185178579484,964.6000000000931,0.003773152977022904,BFS_SINGAPORE::1995-05-21
1995-05-22,BFS_SINGAPORE,-18502255.96,-18502255.96,11730522.6,1407662.71,-19909918.67,0.0,0,3,0.0,0.0,0.0,165822809.25,25205203.810000002,11.054833333333333,1,2,0,72672.24,0,2,0,1407662.710000001,0.6666666666666666,0.0,0,1,0,0.16666666666666666,0.0,0.0,156989025.498,1442129.334,-18833494.808000002,0.08881824739755806,189779.32000000007,0.1535319056761401,BFS_SINGAPORE::1995-05-22
